max_bending_stress,max_shear_stress,max_deflection
6890084.333839707,1063200.424678542,3.620611323666074e-05
